INSERT INTO employee (id, name) VALUES (1, 'Adele');
INSERT INTO employee (id, name) VALUES (2, 'Laura Marling');
INSERT INTO employee (id, name) VALUES (3, 'Zayn Malik');
INSERT INTO employee (id, name) VALUES (4, 'Emily Maguire');
INSERT INTO employee (id, name) VALUES (5, 'Amy Macdonald');
INSERT INTO employee (id, name) VALUES (6, 'Kirsty MacColl');
INSERT INTO employee (id, name) VALUES (7, 'Ewan MacColl');
INSERT INTO employee (id, name) VALUES (8, 'Nick Lowe');
INSERT INTO employee (id, name) VALUES (9, 'Jez Lowe');
INSERT INTO employee (id, name) VALUES (10, 'Cher Lloyd');
INSERT INTO employee (id, name) VALUES (11, 'Dua Lipa');
INSERT INTO employee (id, name) VALUES (12, 'Leona Lewis');
INSERT INTO employee (id, name) VALUES (13, 'Al Lewis');
INSERT INTO employee (id, name) VALUES (14, 'Adam Leonardo');
INSERT INTO employee (id, name) VALUES (15, 'John Lennon');
INSERT INTO employee (id, name) VALUES (16, 'Charlie Landsborough');
INSERT INTO employee (id, name) VALUES (17, 'Steve Knightley');
INSERT INTO employee (id, name) VALUES (18, 'Beverley Knight');
INSERT INTO employee (id, name) VALUES (19, 'Hani King');
INSERT INTO employee (id, name) VALUES (20, 'Nik Kershaw');
INSERT INTO employee (id, name) VALUES (21, 'Martyn Joseph');
INSERT INTO employee (id, name) VALUES (22, 'Johnny Marr');
INSERT INTO employee (id, name) VALUES (23, 'Wizz Jones');
INSERT INTO employee (id, name) VALUES (24, 'Michael Marra');
INSERT INTO employee (id, name) VALUES (25, 'Brian May');
INSERT INTO employee (id, name) VALUES (26, 'Sam Smith');
INSERT INTO employee (id, name) VALUES (27, 'Lucie Silvas');
INSERT INTO employee (id, name) VALUES (28, 'Ed Sheeran');
INSERT INTO employee (id, name) VALUES (29, 'Emeli Sandé');
INSERT INTO employee (id, name) VALUES (30, 'Ricky Ross');
INSERT INTO employee (id, name) VALUES (31, 'Paul Poulton');
INSERT INTO employee (id, name) VALUES (32, 'Mal Pope');
INSERT INTO employee (id, name) VALUES (33, 'Karen Poole');
INSERT INTO employee (id, name) VALUES (34, 'Liam Payne');
INSERT INTO employee (id, name) VALUES (35, 'Passenger');
INSERT INTO employee (id, name) VALUES (36, 'Ozzy Osbourne');
INSERT INTO employee (id, name) VALUES (37, 'Tom Odell');
INSERT INTO employee (id, name) VALUES (38, 'John Newman');
INSERT INTO employee (id, name) VALUES (39, 'Graham Nash');
INSERT INTO employee (id, name) VALUES (40, 'James Morrison');
INSERT INTO employee (id, name) VALUES (41, 'Gary Moore');
INSERT INTO employee (id, name) VALUES (42, 'Mika');
INSERT INTO employee (id, name) VALUES (43, 'Shelagh McDonald');
INSERT INTO employee (id, name) VALUES (44, 'Paul McCartney');
INSERT INTO employee (id, name) VALUES (45, 'Conor Maynard');
INSERT INTO employee (id, name) VALUES (46, 'John Martyn');
INSERT INTO employee (id, name) VALUES (47, 'Tom Jones');
INSERT INTO employee (id, name) VALUES (48, 'Elton John');
INSERT INTO employee (id, name) VALUES (49, 'Bert Jansch');
INSERT INTO employee (id, name) VALUES (50, 'Marina Diamandis');
INSERT INTO employee (id, name) VALUES (51, 'Chris de Burgh');
INSERT INTO employee (id, name) VALUES (52, 'Alex Day');
INSERT INTO employee (id, name) VALUES (53, 'Paul Stuart Davies');
INSERT INTO employee (id, name) VALUES (54, 'Gareth Davies');
INSERT INTO employee (id, name) VALUES (55, 'Elvis Costello');
INSERT INTO employee (id, name) VALUES (56, 'Lloyd Cole');
INSERT INTO employee (id, name) VALUES (57, 'Gary Clark');
INSERT INTO employee (id, name) VALUES (58, 'Kate Bush');
INSERT INTO employee (id, name) VALUES (59, 'Melanie Brown');
INSERT INTO employee (id, name) VALUES (60, 'Andy Brown');
INSERT INTO employee (id, name) VALUES (61, 'David Bowie');
INSERT INTO employee (id, name) VALUES (62, 'James Blunt');
INSERT INTO employee (id, name) VALUES (63, 'Matt Bigland');
INSERT INTO employee (id, name) VALUES (64, 'James Bay');
INSERT INTO employee (id, name) VALUES (65, 'Rich Batsford');
INSERT INTO employee (id, name) VALUES (66, 'Gary Barlow');
INSERT INTO employee (id, name) VALUES (67, 'Kevin Ayers');
INSERT INTO employee (id, name) VALUES (68, 'Joan Armatrading');
INSERT INTO employee (id, name) VALUES (69, 'Lauren Aquilina');
INSERT INTO employee (id, name) VALUES (70, 'Lily Allen');
INSERT INTO employee (id, name) VALUES (71, 'Siobhán Donaghy');
INSERT INTO employee (id, name) VALUES (72, 'Donovan');
INSERT INTO employee (id, name) VALUES (73, 'Josh Doyle');
INSERT INTO employee (id, name) VALUES (74, 'Duffy');
INSERT INTO employee (id, name) VALUES (75, 'Jamelia');
INSERT INTO employee (id, name) VALUES (76, 'Ben Howard');
INSERT INTO employee (id, name) VALUES (77, 'Trevor Horn');
INSERT INTO employee (id, name) VALUES (78, 'Robyn Hitchcock');
INSERT INTO employee (id, name) VALUES (79, 'Boo Hewerdine');
INSERT INTO employee (id, name) VALUES (80, 'Ant Henson');
INSERT INTO employee (id, name) VALUES (81, 'Ella Henderson');
INSERT INTO employee (id, name) VALUES (82, 'Paul Heaton');
INSERT INTO employee (id, name) VALUES (83, 'Imogen Heap');
INSERT INTO employee (id, name) VALUES (84, 'Justin Hayward');
INSERT INTO employee (id, name) VALUES (85, 'Cat Stevens');
INSERT INTO employee (id, name) VALUES (86, 'PJ Harvey');
INSERT INTO employee (id, name) VALUES (87, 'Nick Harper');
INSERT INTO employee (id, name) VALUES (88, 'Malcolm Guite');
INSERT INTO employee (id, name) VALUES (89, 'David Gray');
INSERT INTO employee (id, name) VALUES (90, 'Ellie Goulding');
INSERT INTO employee (id, name) VALUES (91, 'Maurice Gibb');
INSERT INTO employee (id, name) VALUES (92, 'Andi Fraggs');
INSERT INTO employee (id, name) VALUES (93, 'Kat Flint');
INSERT INTO employee (id, name) VALUES (94, 'Newton Faulkner');
INSERT INTO employee (id, name) VALUES (95, 'Ella Eyre');
INSERT INTO employee (id, name) VALUES (96, 'George Harrison');
INSERT INTO employee (id, name) VALUES (97, 'Harry Styles');

INSERT INTO skill (id, name) VALUES (1, 'Object Rexx');
INSERT INTO skill (id, name) VALUES (2, 'Oberon');
INSERT INTO skill (id, name) VALUES (3, 'NXT-G');
INSERT INTO skill (id, name) VALUES (4, 'NSIS');
INSERT INTO skill (id, name) VALUES (5, 'NQC');
INSERT INTO skill (id, name) VALUES (6, 'Nemerle');
INSERT INTO skill (id, name) VALUES (7, 'NATURAL');
INSERT INTO skill (id, name) VALUES (8, 'MUMPS');
INSERT INTO skill (id, name) VALUES (9, 'MS-DOS batch');
INSERT INTO skill (id, name) VALUES (10, 'Moto');
INSERT INTO skill (id, name) VALUES (11, 'MOO');
INSERT INTO skill (id, name) VALUES (12, 'Monkey');
INSERT INTO skill (id, name) VALUES (13, 'Modula-3');
INSERT INTO skill (id, name) VALUES (14, 'Modula-2');
INSERT INTO skill (id, name) VALUES (15, 'Miva');
INSERT INTO skill (id, name) VALUES (16, 'Mercury');
INSERT INTO skill (id, name) VALUES (17, 'MEL');
INSERT INTO skill (id, name) VALUES (18, 'MDX');
INSERT INTO skill (id, name) VALUES (19, 'Max/MSP');
INSERT INTO skill (id, name) VALUES (20, 'MATLAB');
INSERT INTO skill (id, name) VALUES (21, 'Occam');
INSERT INTO skill (id, name) VALUES (22, 'Maple');
INSERT INTO skill (id, name) VALUES (23, 'OpenCL');
INSERT INTO skill (id, name) VALUES (24, 'PHP');
INSERT INTO skill (id, name) VALUES (25, 'X10');
INSERT INTO skill (id, name) VALUES (26, 'Wolfram');
INSERT INTO skill (id, name) VALUES (27, 'Whitespace');
INSERT INTO skill (id, name) VALUES (28, 'VHDL');
INSERT INTO skill (id, name) VALUES (29, 'Verilog');
INSERT INTO skill (id, name) VALUES (30, 'VBScript');
INSERT INTO skill (id, name) VALUES (31, 'TypeScript');
INSERT INTO skill (id, name) VALUES (32, 'Swift');
INSERT INTO skill (id, name) VALUES (33, 'Squirrel');
INSERT INTO skill (id, name) VALUES (34, 'Squeak');
INSERT INTO skill (id, name) VALUES (35, 'SPARK');
INSERT INTO skill (id, name) VALUES (36, 'Smalltalk');
INSERT INTO skill (id, name) VALUES (37, 'Scratch');
INSERT INTO skill (id, name) VALUES (38, 'Scala');
INSERT INTO skill (id, name) VALUES (39, 'SAS');
INSERT INTO skill (id, name) VALUES (40, 'Ruby');
INSERT INTO skill (id, name) VALUES (41, 'Q');
INSERT INTO skill (id, name) VALUES (42, 'Python');
INSERT INTO skill (id, name) VALUES (43, 'Prolog');
INSERT INTO skill (id, name) VALUES (44, 'PowerShell');
INSERT INTO skill (id, name) VALUES (45, 'PL/SQL');
INSERT INTO skill (id, name) VALUES (46, 'Perl');
INSERT INTO skill (id, name) VALUES (47, 'xBase');
INSERT INTO skill (id, name) VALUES (48, 'MANTIS');
INSERT INTO skill (id, name) VALUES (49, 'Magik');
INSERT INTO skill (id, name) VALUES (50, 'Fortran');
INSERT INTO skill (id, name) VALUES (51, 'Fantom');
INSERT INTO skill (id, name) VALUES (52, 'EXEC');
INSERT INTO skill (id, name) VALUES (53, 'Etoys');
INSERT INTO skill (id, name) VALUES (54, 'Erlang');
INSERT INTO skill (id, name) VALUES (55, 'Elm');
INSERT INTO skill (id, name) VALUES (56, 'Eiffel');
INSERT INTO skill (id, name) VALUES (57, 'ECMAScript');
INSERT INTO skill (id, name) VALUES (58, 'Curl');
INSERT INTO skill (id, name) VALUES (59, 'Common Lisp');
INSERT INTO skill (id, name) VALUES (60, 'COMAL');
INSERT INTO skill (id, name) VALUES (61, 'CoffeeScript');
INSERT INTO skill (id, name) VALUES (62, 'COBOL');
INSERT INTO skill (id, name) VALUES (63, 'Caml');
INSERT INTO skill (id, name) VALUES (64, 'C++');
INSERT INTO skill (id, name) VALUES (65, 'Boo');
INSERT INTO skill (id, name) VALUES (66, 'Bash');
INSERT INTO skill (id, name) VALUES (67, 'AutoLISP');
INSERT INTO skill (id, name) VALUES (68, 'Applescript');
INSERT INTO skill (id, name) VALUES (69, 'Apex');
INSERT INTO skill (id, name) VALUES (70, 'Fortress');
INSERT INTO skill (id, name) VALUES (71, 'Malbolge');
INSERT INTO skill (id, name) VALUES (72, 'Gambas');
INSERT INTO skill (id, name) VALUES (73, 'Hack');
INSERT INTO skill (id, name) VALUES (74, 'Lustre');
INSERT INTO skill (id, name) VALUES (75, 'LPC');
INSERT INTO skill (id, name) VALUES (76, 'LotusScript');
INSERT INTO skill (id, name) VALUES (77, 'Lisp');
INSERT INTO skill (id, name) VALUES (78, 'Lingo');
INSERT INTO skill (id, name) VALUES (79, 'Limbo');
INSERT INTO skill (id, name) VALUES (80, 'Lasso');
INSERT INTO skill (id, name) VALUES (81, 'Ladder Logic');
INSERT INTO skill (id, name) VALUES (82, 'LabVIEW');
INSERT INTO skill (id, name) VALUES (83, 'Kotlin');
INSERT INTO skill (id, name) VALUES (84, 'JScript.NET');
INSERT INTO skill (id, name) VALUES (85, 'JScript');
INSERT INTO skill (id, name) VALUES (86, 'JavaFX Script');
INSERT INTO skill (id, name) VALUES (87, 'Java');
INSERT INTO skill (id, name) VALUES (88, 'JADE');
INSERT INTO skill (id, name) VALUES (89, 'INTERCAL');
INSERT INTO skill (id, name) VALUES (90, 'Inform');
INSERT INTO skill (id, name) VALUES (91, 'HyperTalk');
INSERT INTO skill (id, name) VALUES (92, 'Heron');
INSERT INTO skill (id, name) VALUES (93, 'Haxe');
INSERT INTO skill (id, name) VALUES (94, 'Haskell');
INSERT INTO skill (id, name) VALUES (95, 'GNU Octave');
INSERT INTO skill (id, name) VALUES (96, 'XQuery');
INSERT INTO skill (id, name) VALUES (97, 'Angelscript 4');

INSERT INTO employee_skill (employee_id, skill_id) VALUES (1, 1);
INSERT INTO employee_skill (employee_id, skill_id) VALUES (1, 2);
INSERT INTO employee_skill (employee_id, skill_id) VALUES (1, 3);
INSERT INTO employee_skill (employee_id, skill_id) VALUES (1, 4);
INSERT INTO employee_skill (employee_id, skill_id) VALUES (1, 5);
INSERT INTO employee_skill (employee_id, skill_id) VALUES (2, 1);
INSERT INTO employee_skill (employee_id, skill_id) VALUES (2, 2);
INSERT INTO employee_skill (employee_id, skill_id) VALUES (2, 3);
INSERT INTO employee_skill (employee_id, skill_id) VALUES (2, 4);
INSERT INTO employee_skill (employee_id, skill_id) VALUES (3, 1);
INSERT INTO employee_skill (employee_id, skill_id) VALUES (3, 2);
INSERT INTO employee_skill (employee_id, skill_id) VALUES (3, 3);
INSERT INTO employee_skill (employee_id, skill_id) VALUES (4, 1);
INSERT INTO employee_skill (employee_id, skill_id) VALUES (4, 2);
INSERT INTO employee_skill (employee_id, skill_id) VALUES (5, 1);